publico_alvo,qtd_cursos,qtd_pessoas,n_cursos_publico
Agente Público,1,37175,11
Agente Público,2,11729,11
Agente Público,3,3155,11
Agente Público,4,1302,11
Agente Público,5,543,11
Agente Público,6,514,11
Agente Público,7,1189,11
Agente Público,8,271,11
Agente Público,9,101,11
Agente Público,10,39,11
Agente Público,11,38,11
Altas Lideranças,1,20187,8
Altas Lideranças,2,4428,8
Altas Lideranças,3,2069,8
Altas Lideranças,4,461,8
Altas Lideranças,5,169,8
Altas Lideranças,6,244,8
Altas Lideranças,7,90,8
Altas Lideranças,8,42,8
Curador de Dados,1,25091,6
Curador de Dados,2,3804,6
Curador de Dados,3,1027,6
Curador de Dados,4,496,6
Curador de Dados,5,77,6
Curador de Dados,6,85,6
Executivo de Dados,1,27740,10
Executivo de Dados,2,4996,10
Executivo de Dados,3,1266,10
Executivo de Dados,4,618,10
Executivo de Dados,5,312,10
Executivo de Dados,6,112,10
Executivo de Dados,7,51,10
Executivo de Dados,8,24,10
Executivo de Dados,9,19,10
Executivo de Dados,10,56,10
Gestor Público,1,9374,2
Gestor Público,2,1105,2
Gestores de TIC,1,14903,8
Gestores de TIC,2,1618,8
Gestores de TIC,3,271,8
Gestores de TIC,4,115,8
Gestores de TIC,5,68,8
Gestores de TIC,6,15,8
Gestores de TIC,7,40,8
Gestores de TIC,8,21,8
