programa,qtd_cursos,qtd_pessoas,n_cursos_programa
Fundamentos e Aplicações da IA para o Agente Público,1,22951,7
Fundamentos e Aplicações da IA para o Agente Público,2,8125,7
Fundamentos e Aplicações da IA para o Agente Público,3,2853,7
Fundamentos e Aplicações da IA para o Agente Público,4,920,7
Fundamentos e Aplicações da IA para o Agente Público,5,401,7
Fundamentos e Aplicações da IA para o Agente Público,6,288,7
Fundamentos e Aplicações da IA para o Agente Público,7,1199,7
IA na Prática: Ferramentas e Soluções no dia a dia do Agente Público,1,30237,7
IA na Prática: Ferramentas e Soluções no dia a dia do Agente Público,2,5795,7
IA na Prática: Ferramentas e Soluções no dia a dia do Agente Público,3,2178,7
IA na Prática: Ferramentas e Soluções no dia a dia do Agente Público,4,540,7
IA na Prática: Ferramentas e Soluções no dia a dia do Agente Público,5,273,7
IA na Prática: Ferramentas e Soluções no dia a dia do Agente Público,6,190,7
IA na Prática: Ferramentas e Soluções no dia a dia do Agente Público,7,305,7
IA para Otimização de Processos e Automação Inteligente no Serviço Público,1,28571,6
IA para Otimização de Processos e Automação Inteligente no Serviço Público,2,3930,6
IA para Otimização de Processos e Automação Inteligente no Serviço Público,3,1032,6
IA para Otimização de Processos e Automação Inteligente no Serviço Público,4,1486,6
IA para Otimização de Processos e Automação Inteligente no Serviço Público,5,567,6
IA para Otimização de Processos e Automação Inteligente no Serviço Público,6,169,6
Fundamentos de Inteligência Artificial para lideranças: aprimorando a tomada de decisão,1,18473,6
Fundamentos de Inteligência Artificial para lideranças: aprimorando a tomada de decisão,2,3909,6
Fundamentos de Inteligência Artificial para lideranças: aprimorando a tomada de decisão,3,1582,6
Fundamentos de Inteligência Artificial para lideranças: aprimorando a tomada de decisão,4,268,6
Fundamentos de Inteligência Artificial para lideranças: aprimorando a tomada de decisão,5,131,6
Fundamentos de Inteligência Artificial para lideranças: aprimorando a tomada de decisão,6,272,6
IA Estratégica e Visão de Futuro para Lideranças no Setor Público,1,13089,3
IA Estratégica e Visão de Futuro para Lideranças no Setor Público,2,937,3
IA Estratégica e Visão de Futuro para Lideranças no Setor Público,3,196,3
Gestão e Qualidade de Ativos de Dados no Setor Público,1,11196,2
Gestão e Qualidade de Ativos de Dados no Setor Público,2,3325,2
Executivo de Dados e IA: Fundamentos e Estratégias no Setor Público,1,27740,10
Executivo de Dados e IA: Fundamentos e Estratégias no Setor Público,2,4996,10
Executivo de Dados e IA: Fundamentos e Estratégias no Setor Público,3,1266,10
Executivo de Dados e IA: Fundamentos e Estratégias no Setor Público,4,618,10
Executivo de Dados e IA: Fundamentos e Estratégias no Setor Público,5,312,10
Executivo de Dados e IA: Fundamentos e Estratégias no Setor Público,6,112,10
Executivo de Dados e IA: Fundamentos e Estratégias no Setor Público,7,51,10
Executivo de Dados e IA: Fundamentos e Estratégias no Setor Público,8,24,10
Executivo de Dados e IA: Fundamentos e Estratégias no Setor Público,9,19,10
Executivo de Dados e IA: Fundamentos e Estratégias no Setor Público,10,56,10
IA para Otimização de Processos e Tomada de Decisão para Gestores Públicos,1,9374,2
IA para Otimização de Processos e Tomada de Decisão para Gestores Públicos,2,1105,2
Engenharia de Dados e IA Aplicada para Gestores de TIC,1,9693,3
Engenharia de Dados e IA Aplicada para Gestores de TIC,2,456,3
Engenharia de Dados e IA Aplicada para Gestores de TIC,3,96,3
"Fundamentos de TI, Dados e IA para Gestores de TIC",1,12785,7
"Fundamentos de TI, Dados e IA para Gestores de TIC",2,782,7
"Fundamentos de TI, Dados e IA para Gestores de TIC",3,179,7
"Fundamentos de TI, Dados e IA para Gestores de TIC",4,60,7
"Fundamentos de TI, Dados e IA para Gestores de TIC",5,39,7
"Fundamentos de TI, Dados e IA para Gestores de TIC",6,21,7
"Fundamentos de TI, Dados e IA para Gestores de TIC",7,46,7
