id_curso,nome_curso,programa,publico_alvo
724,Gestão de Riscos em Projetos de Transformação Digital,(sem programa),(sem programa)
367,Novas Tecnologias para a Transformação Digital,Fundamentos e Aplicações da IA para o Agente Público,Agente Público
377,Inteligência Artificial no Contexto do Serviço Público,Fundamentos e Aplicações da IA para o Agente Público,Agente Público
534,Internet das coisas (IoT) aplicada para resolução de desafios,Fundamentos e Aplicações da IA para o Agente Público,Agente Público
810,Desvendando a Inteligência Artificial na Administração Pública,Fundamentos e Aplicações da IA para o Agente Público,Agente Público
861,Inteligência Artificial para simplificar o dia a dia,Fundamentos e Aplicações da IA para o Agente Público,Agente Público
1088,A História da IA,Fundamentos e Aplicações da IA para o Agente Público,Agente Público
1090,Ética em IA,Fundamentos e Aplicações da IA para o Agente Público,Agente Público
1091,Inteligência Artificial Generativa,Fundamentos e Aplicações da IA para o Agente Público,Agente Público
1167,IA Generativo da Microsoft - Copilot,Fundamentos e Aplicações da IA para o Agente Público,Agente Público
153,Introdução à Lei Brasileira de Proteção de Dados Pessoais,IA na Prática: Ferramentas e Soluções no dia a dia do Agente Público,Agente Público
290,Proteção de Dados Pessoais no Setor Público,IA na Prática: Ferramentas e Soluções no dia a dia do Agente Público,Agente Público
377,Inteligência Artificial no Contexto do Serviço Público,IA na Prática: Ferramentas e Soluções no dia a dia do Agente Público,Agente Público
529,"Como implementar a LGPD: bases, mecanismos e processos",IA na Prática: Ferramentas e Soluções no dia a dia do Agente Público,Agente Público
797,Automação de Processos através da RPA para Transformação Digital,IA na Prática: Ferramentas e Soluções no dia a dia do Agente Público,Agente Público
861,Inteligência Artificial para simplificar o dia a dia,IA na Prática: Ferramentas e Soluções no dia a dia do Agente Público,Agente Público
1090,Ética em IA,IA na Prática: Ferramentas e Soluções no dia a dia do Agente Público,Agente Público
1139,Colaboração com o Microsoft 365,IA na Prática: Ferramentas e Soluções no dia a dia do Agente Público,Agente Público
1395,IA - Aplicações no Governo Federal,IA na Prática: Ferramentas e Soluções no dia a dia do Agente Público,Agente Público
290,Proteção de Dados Pessoais no Setor Público,IA para Otimização de Processos e Automação Inteligente no Serviço Público,Agente Público
377,Inteligência Artificial no Contexto do Serviço Público,IA para Otimização de Processos e Automação Inteligente no Serviço Público,Agente Público
797,Automação de Processos através da RPA para Transformação Digital,IA para Otimização de Processos e Automação Inteligente no Serviço Público,Agente Público
861,Inteligência Artificial para simplificar o dia a dia,IA para Otimização de Processos e Automação Inteligente no Serviço Público,Agente Público
1090,Ética em IA,IA para Otimização de Processos e Automação Inteligente no Serviço Público,Agente Público
1167,IA Generativo da Microsoft - Copilot,IA para Otimização de Processos e Automação Inteligente no Serviço Público,Agente Público
1395,IA - Aplicações no Governo Federal,IA para Otimização de Processos e Automação Inteligente no Serviço Público,Agente Público
377,Inteligência Artificial no Contexto do Serviço Público,Fundamentos de Inteligência Artificial para lideranças: aprimorando a tomada de decisão,Altas Lideranças
406,Análise de dados como suporte à tomada de decisão,Fundamentos de Inteligência Artificial para lideranças: aprimorando a tomada de decisão,Altas Lideranças
810,Desvendando a Inteligência Artificial na Administração Pública,Fundamentos de Inteligência Artificial para lideranças: aprimorando a tomada de decisão,Altas Lideranças
815,Storytelling com Dados para Comunicação Profissional de Sucesso,Fundamentos de Inteligência Artificial para lideranças: aprimorando a tomada de decisão,Altas Lideranças
1090,Ética em IA,Fundamentos de Inteligência Artificial para lideranças: aprimorando a tomada de decisão,Altas Lideranças
1263,Governo Data-Driven: transformação orientada por dados em governos,Fundamentos de Inteligência Artificial para lideranças: aprimorando a tomada de decisão,Altas Lideranças
373,Liderança e Gestão De Equipes,IA Estratégica e Visão de Futuro para Lideranças no Setor Público,Altas Lideranças
419,Transformação Digital no Serviço Público,IA Estratégica e Visão de Futuro para Lideranças no Setor Público,Altas Lideranças
536,Governança de Dados na Transformação Digital,IA Estratégica e Visão de Futuro para Lideranças no Setor Público,Altas Lideranças
810,Desvendando a Inteligência Artificial na Administração Pública,IA Estratégica e Visão de Futuro para Lideranças no Setor Público,Altas Lideranças
1395,IA - Aplicações no Governo Federal,IA Estratégica e Visão de Futuro para Lideranças no Setor Público,Altas Lideranças
377,Inteligência Artificial no Contexto do Serviço Público,Gestão e Qualidade de Ativos de Dados no Setor Público,Curador de Dados
1090,Ética em IA,Gestão e Qualidade de Ativos de Dados no Setor Público,Curador de Dados
107,Planejamento Estratégico para Organizações Públicas,Executivo de Dados e IA: Fundamentos e Estratégias no Setor Público,Executivo de Dados
270,Governança de Dados,Executivo de Dados e IA: Fundamentos e Estratégias no Setor Público,Executivo de Dados
290,Proteção de Dados Pessoais no Setor Público,Executivo de Dados e IA: Fundamentos e Estratégias no Setor Público,Executivo de Dados
377,Inteligência Artificial no Contexto do Serviço Público,Executivo de Dados e IA: Fundamentos e Estratégias no Setor Público,Executivo de Dados
406,Análise de dados como suporte à tomada de decisão,Executivo de Dados e IA: Fundamentos e Estratégias no Setor Público,Executivo de Dados
802,Visualização de Dados Aplicada à Transformação Digital,Executivo de Dados e IA: Fundamentos e Estratégias no Setor Público,Executivo de Dados
815,Storytelling com Dados para Comunicação Profissional de Sucesso,Executivo de Dados e IA: Fundamentos e Estratégias no Setor Público,Executivo de Dados
976,Introdução à Ciência de Dados - Conceitos e Ferramentas,Executivo de Dados e IA: Fundamentos e Estratégias no Setor Público,Executivo de Dados
1090,Ética em IA,Executivo de Dados e IA: Fundamentos e Estratégias no Setor Público,Executivo de Dados
1263,Governo Data-Driven: transformação orientada por dados em governos,Executivo de Dados e IA: Fundamentos e Estratégias no Setor Público,Executivo de Dados
1395,IA - Aplicações no Governo Federal,Executivo de Dados e IA: Fundamentos e Estratégias no Setor Público,Executivo de Dados
1090,Ética em IA,IA para Otimização de Processos e Tomada de Decisão para Gestores Públicos,Gestor Público
1395,IA - Aplicações no Governo Federal,IA para Otimização de Processos e Tomada de Decisão para Gestores Públicos,Gestor Público
629,Aprendendo com Python,Engenharia de Dados e IA Aplicada para Gestores de TIC,Gestores de TIC
976,Introdução à Ciência de Dados - Conceitos e Ferramentas,Engenharia de Dados e IA Aplicada para Gestores de TIC,Gestores de TIC
1395,IA - Aplicações no Governo Federal,Engenharia de Dados e IA Aplicada para Gestores de TIC,Gestores de TIC
343,Planejamento da Contratação de Soluções de TIC,"Fundamentos de TI, Dados e IA para Gestores de TIC",Gestores de TIC
629,Aprendendo com Python,"Fundamentos de TI, Dados e IA para Gestores de TIC",Gestores de TIC
787,Gestão de projetos,"Fundamentos de TI, Dados e IA para Gestores de TIC",Gestores de TIC
802,Visualização de Dados Aplicada à Transformação Digital,"Fundamentos de TI, Dados e IA para Gestores de TIC",Gestores de TIC
956,Inovando na Gestão de Projetos,"Fundamentos de TI, Dados e IA para Gestores de TIC",Gestores de TIC
976,Introdução à Ciência de Dados - Conceitos e Ferramentas,"Fundamentos de TI, Dados e IA para Gestores de TIC",Gestores de TIC
1073,Segurança Cibernética: Controles 1 a 6 do CIS Controls,"Fundamentos de TI, Dados e IA para Gestores de TIC",Gestores de TIC
1090,Ética em IA,"Fundamentos de TI, Dados e IA para Gestores de TIC",Gestores de TIC
1153,Fundamentos da Segurança Cibernética - Introdução ao CIS Controls,"Fundamentos de TI, Dados e IA para Gestores de TIC",Gestores de TIC
1304,Visão Geral da IA no Azure,"Fundamentos de TI, Dados e IA para Gestores de TIC",Gestores de TIC
1305,Fundamentos da Visão Computacional - IA do Azure,"Fundamentos de TI, Dados e IA para Gestores de TIC",Gestores de TIC
1328,Processamento de Linguagem Natural,"Fundamentos de TI, Dados e IA para Gestores de TIC",Gestores de TIC
343,Planejamento da Contratação de Soluções de TIC,Gestão Estratégica de Tecnologia para Gestores de TIC,Gestores de TIC
787,Gestão de projetos,Gestão Estratégica de Tecnologia para Gestores de TIC,Gestores de TIC
